{
  "aggregate": {
    "ppo/advantage_mean": {
      "count": 1.0,
      "max": -0.24268677485472795,
      "mean": -0.24268677485472795,
      "min": -0.24268677485472795,
      "std": 0.0
    },
    "ppo/approx_kl": {
      "count": 1.0,
      "max": 1.1084817993870881e-06,
      "mean": 1.1084817993870881e-06,
      "min": 1.1084817993870881e-06,
      "std": 0.0
    },
    "ppo/clip_frac": {
      "count": 1.0,
      "max": 0.0,
      "mean": 0.0,
      "min": 0.0,
      "std": 0.0
    },
    "ppo/entropy": {
      "count": 1.0,
      "max": 3.4072572160057927e-41,
      "mean": 3.4072572160057927e-41,
      "min": 3.4072572160057927e-41,
      "std": 0.0
    },
    "ppo/explained_variance": {
      "count": 1.0,
      "max": -0.9880457090360968,
      "mean": -0.9880457090360968,
      "min": -0.9880457090360968,
      "std": 0.0
    },
    "ppo/n_updates": {
      "count": 1.0,
      "max": 9.0,
      "mean": 9.0,
      "min": 9.0,
      "std": 0.0
    },
    "ppo/policy_loss": {
      "count": 1.0,
      "max": -2.9802322387695312e-08,
      "mean": -2.9802322387695312e-08,
      "min": -2.9802322387695312e-08,
      "std": 0.0
    },
    "ppo/return_mean": {
      "count": 1.0,
      "max": 0.23745823251717452,
      "mean": 0.23745823251717452,
      "min": 0.23745823251717452,
      "std": 0.0
    },
    "ppo/value_loss": {
      "count": 1.0,
      "max": 0.20353555948370033,
      "mean": 0.20353555948370033,
      "min": 0.20353555948370033,
      "std": 0.0
    },
    "ppo/value_mean": {
      "count": 1.0,
      "max": 0.48014500737190247,
      "mean": 0.48014500737190247,
      "min": 0.48014500737190247,
      "std": 0.0
    },
    "process_reward_mean": {
      "count": 1.0,
      "max": 0.027177584582930625,
      "mean": 0.027177584582930625,
      "min": 0.027177584582930625,
      "std": 0.0
    },
    "qa_performance": {
      "count": 1.0,
      "max": 0.016080402010050253,
      "mean": 0.016080402010050253,
      "min": 0.016080402010050253,
      "std": 0.0
    },
    "raw_performance": {
      "count": 1.0,
      "max": 0.016080402010050253,
      "mean": 0.016080402010050253,
      "min": 0.016080402010050253,
      "std": 0.0
    }
  },
  "epochs": [
    {
      "inner_epoch": 1,
      "outer_epoch": 1,
      "ppo": {
        "advantage_mean": -0.24268677485472795,
        "approx_kl": 1.1084817993870881e-06,
        "clip_frac": 0.0,
        "entropy": 3.4072572160057927e-41,
        "explained_variance": -0.9880457090360968,
        "n_updates": 9,
        "policy_loss": -2.9802322387695312e-08,
        "process_reward_mean": 0.027177584582930625,
        "return_mean": 0.23745823251717452,
        "value_loss": 0.20353555948370033,
        "value_mean": 0.48014500737190247
      },
      "qa_performance": 0.016080402010050253,
      "raw_performance": 0.016080402010050253,
      "reward": 0.016080402010050253,
      "status": {
        "error": 0,
        "max_steps_reached": 0,
        "success": 1
      }
    }
  ],
  "last_wandb_log": {
    "inner_epoch": 1,
    "outer_epoch": 1,
    "ppo/advantage_mean": -0.24268677485472795,
    "ppo/approx_kl": 1.1084817993870881e-06,
    "ppo/clip_frac": 0.0,
    "ppo/entropy": 3.4072572160057927e-41,
    "ppo/explained_variance": -0.9880457090360968,
    "ppo/n_updates": 9,
    "ppo/policy_loss": -2.9802322387695312e-08,
    "ppo/return_mean": 0.23745823251717452,
    "ppo/value_loss": 0.20353555948370033,
    "ppo/value_mean": 0.48014500737190247,
    "process_reward_mean": 0.027177584582930625,
    "qa_performance": 0.016080402010050253,
    "raw_performance": 0.016080402010050253
  },
  "success_rate": 1.0,
  "success_runs": 1,
  "total_runs": 1,
  "wandb_logs": [
    {
      "inner_epoch": 1,
      "outer_epoch": 1,
      "ppo/advantage_mean": -0.24268677485472795,
      "ppo/approx_kl": 1.1084817993870881e-06,
      "ppo/clip_frac": 0.0,
      "ppo/entropy": 3.4072572160057927e-41,
      "ppo/explained_variance": -0.9880457090360968,
      "ppo/n_updates": 9,
      "ppo/policy_loss": -2.9802322387695312e-08,
      "ppo/return_mean": 0.23745823251717452,
      "ppo/value_loss": 0.20353555948370033,
      "ppo/value_mean": 0.48014500737190247,
      "process_reward_mean": 0.027177584582930625,
      "qa_performance": 0.016080402010050253,
      "raw_performance": 0.016080402010050253
    }
  ]
}