{
  "aggregate": {
    "ppo/advantage_mean": {
      "count": 1.0,
      "max": -0.01070906388945575,
      "mean": -0.01070906388945575,
      "min": -0.01070906388945575,
      "std": 0.0
    },
    "ppo/approx_kl": {
      "count": 1.0,
      "max": 1.2424741048075054e-06,
      "mean": 1.2424741048075054e-06,
      "min": 1.2424741048075054e-06,
      "std": 0.0
    },
    "ppo/clip_frac": {
      "count": 1.0,
      "max": 0.0,
      "mean": 0.0,
      "min": 0.0,
      "std": 0.0
    },
    "ppo/entropy": {
      "count": 1.0,
      "max": 2.6298822886552177e-39,
      "mean": 2.6298822886552177e-39,
      "min": 2.6298822886552177e-39,
      "std": 0.0
    },
    "ppo/explained_variance": {
      "count": 1.0,
      "max": -0.0020762510588170358,
      "mean": -0.0020762510588170358,
      "min": -0.0020762510588170358,
      "std": 0.0
    },
    "ppo/n_updates": {
      "count": 1.0,
      "max": 21.0,
      "mean": 21.0,
      "min": 21.0,
      "std": 0.0
    },
    "ppo/policy_loss": {
      "count": 1.0,
      "max": -6.386211940220424e-09,
      "mean": -6.386211940220424e-09,
      "min": -6.386211940220424e-09,
      "std": 0.0
    },
    "ppo/return_mean": {
      "count": 1.0,
      "max": 0.32758338582329743,
      "mean": 0.32758338582329743,
      "min": 0.32758338582329743,
      "std": 0.0
    },
    "ppo/value_loss": {
      "count": 1.0,
      "max": 0.18672626099826284,
      "mean": 0.18672626099826284,
      "min": 0.18672626099826284,
      "std": 0.0
    },
    "ppo/value_mean": {
      "count": 1.0,
      "max": 0.3382924497127533,
      "mean": 0.3382924497127533,
      "min": 0.3382924497127533,
      "std": 0.0
    },
    "process_reward_mean": {
      "count": 1.0,
      "max": 0.04434639918967882,
      "mean": 0.04434639918967882,
      "min": 0.04434639918967882,
      "std": 0.0
    },
    "qa_performance": {
      "count": 1.0,
      "max": 0.0,
      "mean": 0.0,
      "min": 0.0,
      "std": 0.0
    },
    "raw_performance": {
      "count": 1.0,
      "max": 0.0,
      "mean": 0.0,
      "min": 0.0,
      "std": 0.0
    }
  },
  "epochs": [
    {
      "inner_epoch": 1,
      "outer_epoch": 1,
      "ppo": {
        "advantage_mean": -0.01070906388945575,
        "approx_kl": 1.2424741048075054e-06,
        "clip_frac": 0.0,
        "entropy": 2.6298822886552177e-39,
        "explained_variance": -0.0020762510588170358,
        "n_updates": 21,
        "policy_loss": -6.386211940220424e-09,
        "process_reward_mean": 0.04434639918967882,
        "return_mean": 0.32758338582329743,
        "value_loss": 0.18672626099826284,
        "value_mean": 0.3382924497127533
      },
      "qa_performance": 0.0,
      "raw_performance": 0.0,
      "reward": 0.0,
      "status": {
        "error": 0,
        "max_steps_reached": 1,
        "success": 0
      }
    }
  ],
  "last_wandb_log": {
    "inner_epoch": 1,
    "outer_epoch": 1,
    "ppo/advantage_mean": -0.01070906388945575,
    "ppo/approx_kl": 1.2424741048075054e-06,
    "ppo/clip_frac": 0.0,
    "ppo/entropy": 2.6298822886552177e-39,
    "ppo/explained_variance": -0.0020762510588170358,
    "ppo/n_updates": 21,
    "ppo/policy_loss": -6.386211940220424e-09,
    "ppo/return_mean": 0.32758338582329743,
    "ppo/value_loss": 0.18672626099826284,
    "ppo/value_mean": 0.3382924497127533,
    "process_reward_mean": 0.04434639918967882,
    "qa_performance": 0.0,
    "raw_performance": 0.0
  },
  "success_rate": 0.0,
  "success_runs": 0,
  "total_runs": 1,
  "wandb_logs": [
    {
      "inner_epoch": 1,
      "outer_epoch": 1,
      "ppo/advantage_mean": -0.01070906388945575,
      "ppo/approx_kl": 1.2424741048075054e-06,
      "ppo/clip_frac": 0.0,
      "ppo/entropy": 2.6298822886552177e-39,
      "ppo/explained_variance": -0.0020762510588170358,
      "ppo/n_updates": 21,
      "ppo/policy_loss": -6.386211940220424e-09,
      "ppo/return_mean": 0.32758338582329743,
      "ppo/value_loss": 0.18672626099826284,
      "ppo/value_mean": 0.3382924497127533,
      "process_reward_mean": 0.04434639918967882,
      "qa_performance": 0.0,
      "raw_performance": 0.0
    }
  ]
}