{
  "aggregate": {
    "ppo/advantage_mean": {
      "count": 1.0,
      "max": 0.05475369409705252,
      "mean": 0.05475369409705252,
      "min": 0.05475369409705252,
      "std": 0.0
    },
    "ppo/approx_kl": {
      "count": 1.0,
      "max": 1.3642852915533392e-06,
      "mean": 1.3642852915533392e-06,
      "min": 1.3642852915533392e-06,
      "std": 0.0
    },
    "ppo/clip_frac": {
      "count": 1.0,
      "max": 0.0,
      "mean": 0.0,
      "min": 0.0,
      "std": 0.0
    },
    "ppo/entropy": {
      "count": 1.0,
      "max": 6.685314713600837e-41,
      "mean": 6.685314713600837e-41,
      "min": 6.685314713600837e-41,
      "std": 0.0
    },
    "ppo/explained_variance": {
      "count": 1.0,
      "max": -0.01734495112634793,
      "mean": -0.01734495112634793,
      "min": -0.01734495112634793,
      "std": 0.0
    },
    "ppo/n_updates": {
      "count": 1.0,
      "max": 18.0,
      "mean": 18.0,
      "min": 18.0,
      "std": 0.0
    },
    "ppo/policy_loss": {
      "count": 1.0,
      "max": 1.1175870895385742e-08,
      "mean": 1.1175870895385742e-08,
      "min": 1.1175870895385742e-08,
      "std": 0.0
    },
    "ppo/return_mean": {
      "count": 1.0,
      "max": 0.4741264017024145,
      "mean": 0.4741264017024145,
      "min": 0.4741264017024145,
      "std": 0.0
    },
    "ppo/value_loss": {
      "count": 1.0,
      "max": 0.5383466651126633,
      "mean": 0.5383466651126633,
      "min": 0.5383466651126633,
      "std": 0.0
    },
    "ppo/value_mean": {
      "count": 1.0,
      "max": 0.41937270760536194,
      "mean": 0.41937270760536194,
      "min": 0.41937270760536194,
      "std": 0.0
    },
    "process_reward_mean": {
      "count": 1.0,
      "max": 0.03451353462242154,
      "mean": 0.03451353462242154,
      "min": 0.03451353462242154,
      "std": 0.0
    },
    "qa_performance": {
      "count": 1.0,
      "max": 0.0,
      "mean": 0.0,
      "min": 0.0,
      "std": 0.0
    },
    "raw_performance": {
      "count": 1.0,
      "max": 0.0,
      "mean": 0.0,
      "min": 0.0,
      "std": 0.0
    }
  },
  "epochs": [
    {
      "inner_epoch": 1,
      "outer_epoch": 1,
      "ppo": {
        "advantage_mean": 0.05475369409705252,
        "approx_kl": 1.3642852915533392e-06,
        "clip_frac": 0.0,
        "entropy": 6.685314713600837e-41,
        "explained_variance": -0.01734495112634793,
        "n_updates": 18,
        "policy_loss": 1.1175870895385742e-08,
        "process_reward_mean": 0.03451353462242154,
        "return_mean": 0.4741264017024145,
        "value_loss": 0.5383466651126633,
        "value_mean": 0.41937270760536194
      },
      "qa_performance": 0.0,
      "raw_performance": 0.0,
      "reward": 0.0,
      "status": {
        "error": 0,
        "max_steps_reached": 1,
        "success": 0
      }
    }
  ],
  "last_wandb_log": {
    "inner_epoch": 1,
    "outer_epoch": 1,
    "ppo/advantage_mean": 0.05475369409705252,
    "ppo/approx_kl": 1.3642852915533392e-06,
    "ppo/clip_frac": 0.0,
    "ppo/entropy": 6.685314713600837e-41,
    "ppo/explained_variance": -0.01734495112634793,
    "ppo/n_updates": 18,
    "ppo/policy_loss": 1.1175870895385742e-08,
    "ppo/return_mean": 0.4741264017024145,
    "ppo/value_loss": 0.5383466651126633,
    "ppo/value_mean": 0.41937270760536194,
    "process_reward_mean": 0.03451353462242154,
    "qa_performance": 0.0,
    "raw_performance": 0.0
  },
  "success_rate": 0.0,
  "success_runs": 0,
  "total_runs": 1,
  "wandb_logs": [
    {
      "inner_epoch": 1,
      "outer_epoch": 1,
      "ppo/advantage_mean": 0.05475369409705252,
      "ppo/approx_kl": 1.3642852915533392e-06,
      "ppo/clip_frac": 0.0,
      "ppo/entropy": 6.685314713600837e-41,
      "ppo/explained_variance": -0.01734495112634793,
      "ppo/n_updates": 18,
      "ppo/policy_loss": 1.1175870895385742e-08,
      "ppo/return_mean": 0.4741264017024145,
      "ppo/value_loss": 0.5383466651126633,
      "ppo/value_mean": 0.41937270760536194,
      "process_reward_mean": 0.03451353462242154,
      "qa_performance": 0.0,
      "raw_performance": 0.0
    }
  ]
}